CHR	BP	A1	A2	SNP	GENEID	GENENAME	BETA	SE	PVAL	LD
22	39827553	G	A	rs7949	ENSG00000187051	RPS19BP1	0.0122354	0.0158394	0.440143	44.091381073
22	39829736	G	A	rs5757670	ENSG00000187051	RPS19BP1	0.0111904	0.0158325	0.479965	43.8243331909
22	39829973	C	T	rs5750823	ENSG00000187051	RPS19BP1	0.0304025	0.0162321	0.061557	51.6293640137
22	39830123	G	A	rs5750824	ENSG00000187051	RPS19BP1	-0.0194206	0.0196094	0.322393	11.1412744522
22	39831278	A	G	rs5750825	ENSG00000187051	RPS19BP1	0.0314994	0.0160246	0.0497952	51.488658905
22	39831986	T	A	rs1972280	ENSG00000187051	RPS19BP1	0.0299097	0.0160099	0.0622208	51.8322601318
22	39832113	A	G	rs5750826	ENSG00000187051	RPS19BP1	0.0292687	0.0148463	0.0491326	28.0259819031
22	39833437	T	C	rs4821896	ENSG00000187051	RPS19BP1	0.0316457	0.0160195	0.0486748	51.7240524292
22	39835083	T	C	rs5750828	ENSG00000187051	RPS19BP1	0.02778	0.0160479	0.083954	51.1058540344
22	39835587	A	G	rs4821897	ENSG00000187051	RPS19BP1	0.0319895	0.0163554	0.0509405	51.7647132874
22	39837472	C	T	rs6001594	ENSG00000187051	RPS19BP1	0.0367911	0.0160866	0.0225393	51.9895401001
22	39837625	A	G	rs2899318	ENSG00000187051	RPS19BP1	0.0367911	0.0160866	0.0225393	51.9895401001
22	39837920	T	C	rs5757673	ENSG00000187051	RPS19BP1	0.0211245	0.0169126	0.212137	51.9895401001
22	39838003	A	G	rs9611176	ENSG00000187051	RPS19BP1	0.0206958	0.0163494	0.20606	51.581073761
22	39838018	A	G	rs5750829	ENSG00000187051	RPS19BP1	0.0269132	0.0160287	0.0936601	51.550567627
22	39838352	C	T	rs4821898	ENSG00000187051	RPS19BP1	0.0367911	0.0160866	0.0225393	51.9895401001
22	39838892	G	T	rs5757675	ENSG00000187051	RPS19BP1	0.0280307	0.0159758	0.0798432	51.5476875305
22	39839293	C	T	rs6001595	ENSG00000187051	RPS19BP1	0.0228384	0.0170378	0.180607	51.9806518555
22	39839670	G	C	rs8138462	ENSG00000187051	RPS19BP1	0.0282483	0.0160254	0.0784566	51.5476875305
22	39840130	T	C	rs9611177	ENSG00000187051	RPS19BP1	-0.00879709	0.0152238	0.56358	20.116607666
22	39840828	C	A	rs5750830	ENSG00000187051	RPS19BP1	0.0200531	0.0170225	0.239251	52.9568481445
22	39841533	C	A	rs28685576	ENSG00000187051	RPS19BP1	0.0209121	0.0150429	0.164994	28.6282615662
22	39841700	T	C	rs5757676	ENSG00000187051	RPS19BP1	0.0253058	0.0184075	0.169721	36.8543930054
22	39842165	T	C	rs7364148	ENSG00000187051	RPS19BP1	0.0188841	0.0170895	0.269596	53.278263092
22	39843091	C	A	rs5750833	ENSG00000187051	RPS19BP1	0.0276884	0.0162726	0.0893608	52.4932022095
22	39843409	C	T	rs5757678	ENSG00000187051	RPS19BP1	0.0276884	0.0162726	0.0893608	53.2605438232
22	39843537	T	C	rs9306335	ENSG00000187051	RPS19BP1	0.0188841	0.0170895	0.269596	53.278263092
22	39844350	T	G	rs8137426	ENSG00000187051	RPS19BP1	0.0188841	0.0170895	0.269596	53.278263092
22	39844574	G	A	rs8136980	ENSG00000187051	RPS19BP1	0.0235176	0.0162163	0.147512	52.6671257019
22	39844793	T	C	rs5757680	ENSG00000187051	RPS19BP1	0.0194268	0.0170355	0.254588	53.1180801392
22	39845547	A	G	rs5757681	ENSG00000187051	RPS19BP1	0.0203609	0.0168398	0.227102	53.2024917603
22	39845898	C	A	rs1005522	ENSG00000187051	RPS19BP1	0.0214763	0.0170841	0.209211	46.7463226318
22	39848259	T	G	rs5757682	ENSG00000187051	RPS19BP1	0.0170416	0.0170516	0.317997	52.9465637207
22	39850174	G	A	rs5757683	ENSG00000187051	RPS19BP1	0.0237212	0.0159806	0.138234	52.8854446411
22	39851584	G	A	rs5757684	ENSG00000187051	RPS19BP1	0.0237212	0.0159806	0.138234	53.001953125
22	39851970	C	A	rs1557541	ENSG00000187051	RPS19BP1	0.0237212	0.0159806	0.138234	53.001953125
22	39852350	G	C	rs1557542	ENSG00000187051	RPS19BP1	0.0206709	0.0160357	0.197876	52.8061218262
22	39852648	C	T	rs1557543	ENSG00000187051	RPS19BP1	0.0180317	0.0166665	0.279726	53.0874481201
22	39852720	A	G	rs6001599	ENSG00000187051	RPS19BP1	0.0173718	0.0168574	0.303183	53.0874481201
22	39852921	G	T	rs6001600	ENSG00000187051	RPS19BP1	0.023222	0.0161021	0.149776	53.0019454956
22	39854421	C	G	rs5995735	ENSG00000187051	RPS19BP1	0.0186294	0.0167693	0.267048	53.0626106262
22	39855540	G	C	rs5757685	ENSG00000187051	RPS19BP1	0.0177535	0.0168662	0.292945	53.0626182556
22	39855575	C	A	rs738286	ENSG00000187051	RPS19BP1	0.0224449	0.0161904	0.166166	52.974067688
22	39855728	G	C	rs738287	ENSG00000187051	RPS19BP1	0.0170865	0.0168356	0.310561	53.0626182556
22	39855883	C	T	rs738289	ENSG00000187051	RPS19BP1	0.0170865	0.0168356	0.310561	53.0626182556
22	39856032	A	C	rs738290	ENSG00000187051	RPS19BP1	0.00509799	0.0150452	0.734846	32.0351333618
22	39856356	G	C	rs738285	ENSG00000187051	RPS19BP1	0.0170865	0.0168356	0.310561	52.6517829895
22	39858196	A	G	rs2413592	ENSG00000187051	RPS19BP1	0.00371933	0.0162321	0.818843	51.9453125
22	39859169	C	A	rs909674	ENSG00000187051	RPS19BP1	0.0171469	0.0169587	0.312377	49.6990089417
22	39860130	C	T	rs2008174	ENSG00000187051	RPS19BP1	0.0186084	0.0168662	0.270342	48.6433868408
22	39860589	A	G	rs3959642	ENSG00000187051	RPS19BP1	0.0169457	0.0169558	0.318003	49.8663215637
22	39862341	G	A	rs760714	ENSG00000187051	RPS19BP1	0.0105986	0.0142392	0.456972	8.98905944824
22	39862343	C	T	rs760715	ENSG00000187051	RPS19BP1	-0.0103054	0.0162431	0.526029	5.46314620972
22	39863731	C	T	rs9611183	ENSG00000187051	RPS19BP1	-0.0434935	0.0270978	0.109007	5.22667551041
22	39865475	G	A	rs6001601	ENSG00000187051	RPS19BP1	-0.00378259	0.015267	0.804403	10.3345832825
22	39866080	C	T	rs2267412	ENSG00000187051	RPS19BP1	0.00583756	0.0156098	0.708561	15.5252256393
22	39866938	C	T	rs2284076	ENSG00000187051	RPS19BP1	0.00369887	0.0157754	0.8147	16.9432601929
22	39869209	C	T	rs4820378	ENSG00000187051	RPS19BP1	-0.00668189	0.0143923	0.642624	39.4191970825
22	39869719	G	A	rs4821900	ENSG00000187051	RPS19BP1	0.0118125	0.0184484	0.522223	10.1291809082
22	39869997	T	G	rs1984662	ENSG00000187051	RPS19BP1	-0.00709548	0.0145291	0.625472	38.552570343
22	39872073	G	A	rs12628962	ENSG00000187051	RPS19BP1	0.00204575	0.0181989	0.910536	8.65998268127
22	39872127	A	G	rs2413593	ENSG00000187051	RPS19BP1	-0.00957188	0.0146571	0.513971	40.3041152954
22	39872700	T	C	rs5757690	ENSG00000187051	RPS19BP1	0.022956	0.0221732	0.300945	14.6079473495
22	39872707	A	G	rs1003538	ENSG00000187051	RPS19BP1	0.00520974	0.0146448	0.72216	33.9846305847
22	39873470	A	T	rs9306336	ENSG00000187051	RPS19BP1	-0.00795944	0.0145107	0.583537	41.2584342957
22	39873937	A	G	rs12484278	ENSG00000187051	RPS19BP1	0.0117218	0.0177943	0.510315	22.0456161499
22	39874314	A	C	rs2899319	ENSG00000187051	RPS19BP1	0.0115194	0.0153831	0.454251	33.6055374146
22	39874790	G	A	rs760712	ENSG00000187051	RPS19BP1	0.00584824	0.0154644	0.705434	16.4718055725
22	39875595	G	C	rs760713	ENSG00000187051	RPS19BP1	-0.0056743	0.0141805	0.689189	41.2070083618
22	39875966	T	G	rs4821901	ENSG00000187051	RPS19BP1	-0.00704898	0.0143272	0.622898	41.2070121765
22	39878998	C	T	rs34943118	ENSG00000187051	RPS19BP1	-0.00780782	0.0160105	0.625962	22.0815010071
22	39879679	T	A	rs2009774	ENSG00000187051	RPS19BP1	-0.0133098	0.0147869	0.368426	37.8653526306
22	39881000	T	C	rs2009999	ENSG00000187051	RPS19BP1	-0.0164084	0.0148182	0.268603	37.8653526306
22	39881140	G	T	rs17001167	ENSG00000187051	RPS19BP1	-0.0114682	0.0212047	0.588823	18.8996124268
22	39886217	G	C	rs6001605	ENSG00000187051	RPS19BP1	-0.0155696	0.0216612	0.472557	18.2370223999
22	39887686	G	A	rs3827380	ENSG00000187051	RPS19BP1	-0.0224773	0.0169557	0.185459	15.7370319366
22	39888774	A	G	rs1033415	ENSG00000187051	RPS19BP1	0.023013	0.0157155	0.143622	42.9782905579
22	39888861	T	C	rs12157593	ENSG00000187051	RPS19BP1	-0.0206356	0.0215941	0.339653	18.2066783905
22	39889080	A	G	rs2017711	ENSG00000187051	RPS19BP1	-0.00444389	0.0173468	0.797901	25.570186615
22	39891343	G	C	rs34692520	ENSG00000187051	RPS19BP1	-0.00317688	0.0170884	0.852579	26.946231842
22	39892859	T	C	rs6001609	ENSG00000187051	RPS19BP1	-0.0184809	0.0214908	0.390164	18.1126213074
22	39893120	A	G	rs12484582	ENSG00000187051	RPS19BP1	0.00969922	0.0184546	0.599379	25.2753639221
22	39893932	T	C	rs12484673	ENSG00000187051	RPS19BP1	-0.00221208	0.0169195	0.896023	26.946231842
22	39895939	A	G	rs9611186	ENSG00000187051	RPS19BP1	-0.0180456	0.014397	0.210537	44.0111045837
22	39895944	A	G	rs9611187	ENSG00000187051	RPS19BP1	-0.0180456	0.014397	0.210537	43.6298217773
22	39897163	G	A	rs7287617	ENSG00000187051	RPS19BP1	0.0185754	0.0159712	0.245267	42.982131958
22	39897792	A	G	rs2294360	ENSG00000187051	RPS19BP1	-0.0184335	0.0143607	0.199774	43.6194648743
22	39897849	T	G	rs34109257	ENSG00000187051	RPS19BP1	-0.00197501	0.0168301	0.906622	26.9462280273
22	39899945	A	G	rs742143	ENSG00000187051	RPS19BP1	-0.00954781	0.0142075	0.501825	43.4617919922
22	39902475	G	T	rs4821903	ENSG00000187051	RPS19BP1	-0.0216387	0.014368	0.132586	43.5112304688
22	39902525	C	T	rs4821904	ENSG00000187051	RPS19BP1	-0.00953337	0.0140755	0.498474	41.077003479
22	39903368	G	A	rs5750841	ENSG00000187051	RPS19BP1	0.00546242	0.0140541	0.697657	37.6379928589
22	39904613	G	A	rs4820379	ENSG00000187051	RPS19BP1	-0.0190175	0.0148958	0.2022	46.5555381775
22	39907661	G	A	rs738288	ENSG00000187051	RPS19BP1	0.0156733	0.0142913	0.27321	45.5518913269
22	39908744	C	T	rs10854721	ENSG00000187051	RPS19BP1	-0.0215866	0.0148839	0.147489	46.5555381775
22	39913282	G	T	rs1048310	ENSG00000187051	RPS19BP1	-0.0160332	0.0147599	0.277795	46.396320343
22	39913420	T	C	rs710192	ENSG00000187051	RPS19BP1	-0.0134065	0.0148482	0.366942	46.396320343
22	39913557	A	G	rs10854722	ENSG00000187051	RPS19BP1	-0.0155916	0.0148434	0.293956	46.396320343
22	39917515	C	A	rs4894	ENSG00000187051	RPS19BP1	-0.0155349	0.0147244	0.291831	46.396320343
22	39919524	A	G	rs6519194	ENSG00000187051	RPS19BP1	-0.0145442	0.0156843	0.354136	41.7874183655
22	39919781	A	G	rs4820380	ENSG00000187051	RPS19BP1	-0.0127431	0.0149955	0.395777	46.3963165283
22	39920657	A	G	rs882564	ENSG00000187051	RPS19BP1	-0.0161307	0.014793	0.275962	46.6341400146
22	39921384	C	T	rs882565	ENSG00000187051	RPS19BP1	-0.0201959	0.0147243	0.170698	46.6341400146
22	39921669	T	A	rs882566	ENSG00000187051	RPS19BP1	-0.0198062	0.0150457	0.188542	46.6341400146
22	39923688	A	G	rs5750844	ENSG00000187051	RPS19BP1	-0.0180345	0.0147702	0.222564	46.4449539185
22	39924443	C	G	rs4821907	ENSG00000187051	RPS19BP1	-0.0191343	0.014734	0.194562	46.4449539185
22	39926861	A	G	rs1028320	ENSG00000187051	RPS19BP1	-0.0285682	0.0150253	0.0577362	46.7326927185
22	39926929	A	G	rs1028321	ENSG00000187051	RPS19BP1	-0.0178381	0.0147775	0.227866	46.4449539185
22	39926962	A	G	rs1015941	ENSG00000187051	RPS19BP1	0.00844924	0.0177727	0.634672	34.8077392578
22	39929946	C	T	rs1109793	ENSG00000187051	RPS19BP1	-0.0170853	0.015275	0.263796	42.0533332825
22	39930197	T	C	rs2413595	ENSG00000187051	RPS19BP1	0.0165518	0.0144439	0.252277	45.2417182922
22	39932516	A	G	rs5757703	ENSG00000187051	RPS19BP1	-0.0200535	0.014747	0.174394	46.6341400146
22	39933748	A	G	rs9607648	ENSG00000187051	RPS19BP1	0.0160836	0.0177318	0.364744	34.9062309265
22	39933978	T	G	rs8137430	ENSG00000187051	RPS19BP1	-0.0113729	0.015138	0.452777	41.5868797302
22	39935239	T	C	rs5757705	ENSG00000187051	RPS19BP1	0.0159664	0.0181446	0.379237	34.980594635
22	39936220	T	C	rs760716	ENSG00000187051	RPS19BP1	-0.0245774	0.014677	0.0945444	46.7165260315
22	39937159	A	T	rs9611192	ENSG00000187051	RPS19BP1	0.0138512	0.0178196	0.437288	34.9062309265
22	39937223	C	A	rs5750847	ENSG00000187051	RPS19BP1	-0.024601	0.0147137	0.0950503	46.7165260315
22	39937269	G	A	rs5750848	ENSG00000187051	RPS19BP1	-0.0154295	0.0151725	0.309591	42.2679023743
22	39937468	T	G	rs7284798	ENSG00000187051	RPS19BP1	-0.0201325	0.0162725	0.216492	46.7165260315
22	39937640	G	A	rs7284601	ENSG00000187051	RPS19BP1	-0.0274054	0.0150045	0.0682758	46.9115486145
22	39937721	G	A	rs5757709	ENSG00000187051	RPS19BP1	-0.027485	0.0150376	0.0680841	46.9115486145
22	39938303	C	T	rs5757710	ENSG00000187051	RPS19BP1	-0.0287678	0.0149882	0.0554121	46.8044433594
22	39939105	G	A	rs6001619	ENSG00000187051	RPS19BP1	-0.0283525	0.0150543	0.0601372	46.9551353455
22	39940227	A	G	rs5757712	ENSG00000187051	RPS19BP1	-0.0225279	0.0150743	0.135581	42.291809082
22	39940709	G	A	rs9623014	ENSG00000187051	RPS19BP1	-0.028527	0.0150779	0.0589748	46.9519424438
22	39940872	T	C	rs6001620	ENSG00000187051	RPS19BP1	-0.0179887	0.0151648	0.236008	42.7277603149
22	39941154	G	A	rs5757715	ENSG00000187051	RPS19BP1	0.0110813	0.0176348	0.529998	34.9729270935
22	39941201	G	C	rs5757716	ENSG00000187051	RPS19BP1	-0.00487846	0.0163956	0.766152	29.2302074432
22	39942090	A	G	rs5750849	ENSG00000187051	RPS19BP1	0.0171287	0.0178338	0.33721	33.5842971802
22	39942234	T	C	rs5757717	ENSG00000187051	RPS19BP1	0.0139177	0.0145143	0.337999	42.8228607178
22	39943030	G	A	rs4820381	ENSG00000187051	RPS19BP1	-0.0148214	0.0155086	0.339615	28.1682853699
22	39943388	G	A	rs59889044	ENSG00000187051	RPS19BP1	-0.0191442	0.0151379	0.206486	29.5710124969
22	39943947	G	A	rs5757718	ENSG00000187051	RPS19BP1	-0.0156632	0.0150822	0.299444	30.3524055481
22	39944485	T	C	rs9611195	ENSG00000187051	RPS19BP1	0.00528256	0.0164602	0.748375	41.2718467712
22	39945791	T	C	rs5757719	ENSG00000187051	RPS19BP1	0.0142309	0.0151334	0.34741	46.4125175476
22	39946280	C	T	rs713689	ENSG00000187051	RPS19BP1	0.00690514	0.0161729	0.669563	40.9908218384
22	39947068	T	C	rs2092168	ENSG00000187051	RPS19BP1	0.00991349	0.0148504	0.504674	45.7961044312
22	39947259	C	T	rs5757720	ENSG00000187051	RPS19BP1	-0.0167524	0.0153119	0.274361	29.0141563416
22	39947439	G	T	rs10427762	ENSG00000187051	RPS19BP1	0.00167544	0.0164789	0.919051	41.2197952271
22	39947574	T	C	rs5757721	ENSG00000187051	RPS19BP1	0.0139134	0.0151249	0.357993	45.8046073914
22	39949792	C	T	rs2413597	ENSG00000187051	RPS19BP1	-0.0207095	0.0152126	0.173918	29.0831375122
22	39950349	T	A	rs4438587	ENSG00000187051	RPS19BP1	-0.0192844	0.01689	0.254007	35.7158851624
22	39950805	T	C	rs5757723	ENSG00000187051	RPS19BP1	-0.0145046	0.0154317	0.347636	29.0141563416
22	39951106	C	T	rs75675695	ENSG00000187051	RPS19BP1	-0.0174556	0.0151521	0.249771	29.0141563416
22	39951409	G	A	rs58093579	ENSG00000187051	RPS19BP1	-0.0174556	0.0151521	0.249771	29.0141563416
22	39951658	T	C	rs7284221	ENSG00000187051	RPS19BP1	-0.0174556	0.0151521	0.249771	29.0141563416
22	39952098	A	G	rs2413599	ENSG00000187051	RPS19BP1	-0.00819118	0.0151984	0.590121	29.0141563416
22	39952275	C	T	rs5757725	ENSG00000187051	RPS19BP1	-0.000275974	0.0152406	0.985559	34.9224205017
22	39952633	C	G	rs5757726	ENSG00000187051	RPS19BP1	-0.0170805	0.0168855	0.312161	35.7158851624
22	39953234	C	T	rs61259516	ENSG00000187051	RPS19BP1	-0.0216524	0.0170422	0.204394	35.7158851624
22	39953569	A	G	rs9607655	ENSG00000187051	RPS19BP1	0.00967812	0.0178442	0.587766	26.6332874298
22	39955873	A	C	rs9611198	ENSG00000187051	RPS19BP1	0.0188023	0.0150237	0.211238	50.0571975708
22	39957740	T	C	rs9607658	ENSG00000187051	RPS19BP1	0.0207953	0.0147202	0.158262	50.3825340271
22	39959057	A	G	rs9623017	ENSG00000187051	RPS19BP1	0.0156742	0.019089	0.411908	23.1420898438
22	39961286	C	A	rs4820383	ENSG00000187051	RPS19BP1	0.022431	0.0153153	0.143552	46.0960121155
22	39963092	T	C	rs73885269	ENSG00000187051	RPS19BP1	-0.01748	0.0175396	0.319358	35.7291488647
22	39963173	G	A	rs5757727	ENSG00000187051	RPS19BP1	0.0166659	0.0152282	0.274215	46.0454788208
22	39963426	A	G	rs62228477	ENSG00000187051	RPS19BP1	0.0163665	0.0150085	0.275937	48.5345420837
22	39964503	C	T	rs12484107	ENSG00000187051	RPS19BP1	-0.0165692	0.0174089	0.341598	35.5808334351
22	39965471	A	G	rs5757728	ENSG00000187051	RPS19BP1	0.00360077	0.0165878	0.828225	41.0459976196
22	39965699	A	G	rs55684383	ENSG00000187051	RPS19BP1	-0.015377	0.0173672	0.376294	34.9465026855
22	39966094	G	A	rs56753811	ENSG00000187051	RPS19BP1	-0.0167826	0.0171256	0.327496	33.1761817932
22	39966547	A	G	rs7288455	ENSG00000187051	RPS19BP1	0.0190464	0.0150593	0.206447	43.8120079041
22	39966856	T	C	rs3747178	ENSG00000187051	RPS19BP1	0.00256606	0.0165124	0.876557	41.416721344
22	39967430	A	G	rs5757730	ENSG00000187051	RPS19BP1	0.0149745	0.0146481	0.307057	48.2013206482
22	39967785	C	G	rs5757731	ENSG00000187051	RPS19BP1	0.0114943	0.0146556	0.433175	49.5371208191
22	39968018	T	C	rs5757732	ENSG00000187051	RPS19BP1	-0.005265	0.0162791	0.74649	40.5945205688
22	39968173	T	G	rs5757733	ENSG00000187051	RPS19BP1	0.0171858	0.0148706	0.248267	49.6380462646
22	39969767	T	C	rs5750851	ENSG00000187051	RPS19BP1	0.0171498	0.0149422	0.251531	49.6380462646
22	39969895	T	C	rs12484689	ENSG00000187051	RPS19BP1	-0.00900764	0.0170763	0.598046	32.5186233521
22	39972069	C	T	rs5750852	ENSG00000187051	RPS19BP1	-0.00202047	0.0161044	0.900201	40.2324066162
22	39972075	T	C	rs2413600	ENSG00000187051	RPS19BP1	0.0180476	0.0153869	0.241293	42.6165733337
22	39972162	T	C	rs3788556	ENSG00000187051	RPS19BP1	0.0139994	0.0149766	0.350293	50.3916854858
22	39973151	C	T	rs5757734	ENSG00000187051	RPS19BP1	-0.00519267	0.0159122	0.744286	25.940372467
22	39973526	G	A	rs132567	ENSG00000187051	RPS19BP1	0.00459967	0.0167268	0.78342	29.2782897949
22	39975307	A	G	rs5757736	ENSG00000187051	RPS19BP1	0.00526767	0.014922	0.724202	49.8947792053
22	39975691	G	A	rs8139773	ENSG00000187051	RPS19BP1	0.00104238	0.0148916	0.944218	50.3365707397
22	39975914	G	A	rs28631967	ENSG00000187051	RPS19BP1	0.00111165	0.0149026	0.940563	49.905620575
22	39976128	A	C	rs132570	ENSG00000187051	RPS19BP1	0.00115699	0.0145954	0.936843	48.1303939819
22	39976133	C	A	rs132571	ENSG00000187051	RPS19BP1	0.000220209	0.0145724	0.987948	48.1303939819
22	39976186	T	C	rs5750853	ENSG00000187051	RPS19BP1	0.00333558	0.0149883	0.823964	49.6705245972
22	39977211	T	C	rs3788557	ENSG00000187051	RPS19BP1	0.00340289	0.0149132	0.819585	50.0065155029
22	39982721	A	G	rs132575	ENSG00000187051	RPS19BP1	0.0128631	0.0145465	0.376903	47.7232055664
22	39984946	T	C	rs132580	ENSG00000187051	RPS19BP1	0.0154539	0.0145122	0.287354	47.3088684082
22	39985283	A	G	rs4522708	ENSG00000187051	RPS19BP1	0.0143499	0.0148653	0.334769	49.1958732605
22	39988175	C	T	rs132582	ENSG00000187051	RPS19BP1	0.00804444	0.014579	0.581303	44.0482711792
22	39989216	G	A	rs2413602	ENSG00000187051	RPS19BP1	0.0104528	0.0153012	0.494785	48.4299240112
22	39990775	T	C	rs5750854	ENSG00000187051	RPS19BP1	0.0089779	0.0167976	0.59321	30.4664764404
22	39991016	T	C	rs2003151	ENSG00000187051	RPS19BP1	0.00851042	0.0152623	0.577319	49.5644187927
22	39991070	A	G	rs132584	ENSG00000187051	RPS19BP1	-0.00599304	0.0168743	0.722597	36.8244171143
22	39991092	G	A	rs1109008	ENSG00000187051	RPS19BP1	0.00766894	0.0152349	0.614882	49.5644187927
22	39991496	A	G	rs132585	ENSG00000187051	RPS19BP1	-0.00418877	0.0153207	0.784635	54.7695083618
22	39992660	A	G	rs9611202	ENSG00000187051	RPS19BP1	-0.00142459	0.0149051	0.923888	52.8090133667
22	39993669	A	G	rs35471482	ENSG00000187051	RPS19BP1	-0.00409616	0.0150068	0.784982	52.1356506348
22	39994105	A	G	rs760546	ENSG00000187051	RPS19BP1	0.0100484	0.0189235	0.595616	9.35616397858
22	39996264	T	C	rs1076614	ENSG00000187051	RPS19BP1	-0.0108144	0.0145973	0.459074	55.0003585815
22	39996882	T	C	rs1883123	ENSG00000187051	RPS19BP1	-0.0108144	0.0145973	0.459074	55.0003585815
22	39997170	A	G	rs713733	ENSG00000187051	RPS19BP1	0.000514632	0.0151273	0.972872	54.9449310303
22	39999013	G	A	rs5995755	ENSG00000187051	RPS19BP1	-0.0122677	0.0146642	0.403164	54.4561004639
22	40000221	T	G	rs5750857	ENSG00000187051	RPS19BP1	0.0102	0.0156413	0.514573	49.0138702393
22	40000313	T	C	rs5995756	ENSG00000187051	RPS19BP1	0.0119053	0.0148926	0.424369	47.2194137573
22	40000442	A	G	rs5757746	ENSG00000187051	RPS19BP1	0.00592029	0.0170677	0.72881	30.0052661896
22	40002570	T	C	rs5995757	ENSG00000187051	RPS19BP1	0.0124493	0.0147649	0.399469	47.2639160156
22	40003267	C	T	rs6001638	ENSG00000187051	RPS19BP1	-0.0143973	0.0145878	0.324071	54.4560966492
22	40003309	A	C	rs6001639	ENSG00000187051	RPS19BP1	-0.00869005	0.0145603	0.550846	55.3336448669
22	40005425	C	T	rs1534883	ENSG00000187051	RPS19BP1	-0.00603725	0.0148011	0.683499	54.7129173279
22	40006024	T	G	rs3788566	ENSG00000187051	RPS19BP1	0.00990197	0.0155416	0.524287	49.0138702393
22	40006035	T	G	rs3788567	ENSG00000187051	RPS19BP1	0.00990197	0.0155416	0.524287	49.0138702393
22	40006626	C	T	rs5995759	ENSG00000187051	RPS19BP1	-0.0136785	0.0145883	0.348809	54.4560966492
22	40006986	G	C	rs926231	ENSG00000187051	RPS19BP1	0.00977048	0.0155218	0.529281	49.0735778809
22	40009336	T	C	rs1008677	ENSG00000187051	RPS19BP1	0.00634744	0.0147729	0.667592	49.6553001404
22	40009580	A	C	rs73169382	ENSG00000187051	RPS19BP1	-0.00350622	0.0170063	0.836727	33.9110488892
22	40010383	A	G	rs9611204	ENSG00000187051	RPS19BP1	-0.00729484	0.0144797	0.614589	55.4809036255
22	40010521	A	G	rs9611205	ENSG00000187051	RPS19BP1	-0.0039516	0.0147541	0.788922	55.596118927
22	40010636	A	T	rs5757748	ENSG00000187051	RPS19BP1	0.00392595	0.0147321	0.789953	49.6553001404
22	40010682	A	G	rs11705236	ENSG00000187051	RPS19BP1	-0.00583357	0.0145681	0.688979	55.596118927
22	40010806	T	C	rs8140185	ENSG00000187051	RPS19BP1	-0.00621298	0.0146226	0.67107	55.0793380737
22	40012284	A	G	rs17401961	ENSG00000187051	RPS19BP1	-0.00729484	0.0144797	0.614589	55.6571846008
22	40012508	G	A	rs5750859	ENSG00000187051	RPS19BP1	0.00498978	0.0181883	0.783918	9.618932724
22	40013216	A	G	rs3788569	ENSG00000187051	RPS19BP1	0.00821477	0.019051	0.666478	9.618932724
22	40015059	C	T	rs7288420	ENSG00000187051	RPS19BP1	-0.00732088	0.0147167	0.619053	55.3429069519
22	40015657	T	C	rs5995761	ENSG00000187051	RPS19BP1	-0.00996399	0.0147041	0.498265	55.3429069519
22	40017065	C	G	rs136803	ENSG00000187051	RPS19BP1	-0.0112596	0.0148129	0.447479	53.0555152893
22	40018212	C	T	rs136805	ENSG00000187051	RPS19BP1	0.0165019	0.0165366	0.318731	11.4449510574
22	40018278	T	C	rs136806	ENSG00000187051	RPS19BP1	0.00574353	0.019872	0.772661	9.68392944336
22	40020876	G	A	rs136809	ENSG00000187051	RPS19BP1	0.0149305	0.0193787	0.441333	9.70374011993
22	40021256	T	A	rs136811	ENSG00000187051	RPS19BP1	-0.00804703	0.0147961	0.586739	45.1046791077
22	40021614	G	T	rs136812	ENSG00000187051	RPS19BP1	0.0118608	0.0188335	0.529084	9.70691871643
22	40023636	C	T	rs11704409	ENSG00000187051	RPS19BP1	-0.00564048	0.0213006	0.791252	10.0706548691
22	40024410	T	C	rs3788571	ENSG00000187051	RPS19BP1	0.00720394	0.0145484	0.620662	37.4266433716
22	40024657	T	G	rs470070	ENSG00000187051	RPS19BP1	0.000820775	0.0193721	0.966219	9.38561344147
22	40024768	A	C	rs742159	ENSG00000187051	RPS19BP1	0.00683508	0.0147128	0.64241	37.4266433716
22	40025044	T	C	rs136813	ENSG00000187051	RPS19BP1	0.000497171	0.0198515	0.980028	9.41324806213
22	40025237	C	G	rs5757752	ENSG00000187051	RPS19BP1	0.00521533	0.0146376	0.721743	37.4114761353
22	40026034	T	C	rs5750860	ENSG00000187051	RPS19BP1	-0.0123571	0.0181762	0.49686	26.2058963776
22	40026141	A	C	rs5750861	ENSG00000187051	RPS19BP1	0.00739081	0.0147018	0.615349	37.4266433716
22	40026309	A	G	rs5750862	ENSG00000187051	RPS19BP1	0.00739081	0.0147018	0.615349	37.4266433716
22	40026948	T	A	rs5750863	ENSG00000187051	RPS19BP1	0.00529985	0.0146226	0.71715	37.6257171631
