CHR	BP	A1	A2	SNP	GENEID	GENENAME	BETA	SE	PVAL	BETA_IBSEP	SE_IBSEP	PVAL_IBSEP
22	41562177	A	G	rs5751056	ENSG00000100401	RANGAP1	-0.0705677923061065	0.098058067569092	0.4717713	-0.03738114421134047	0.06802247714514077	0.582634194429491
22	41564287	C	T	rs2057070	ENSG00000100401	RANGAP1	0.0360077166817179	0.098058067569092	0.7133207	0.040710196106939815	0.06726822127151445	0.5450513641965054
22	41565285	G	A	rs5751058	ENSG00000100401	RANGAP1	0.1095034542447902	0.098058067569092	0.2640798	0.07820644113821422	0.0651571873160351	0.2300331627208605
22	41565827	G	A	rs9611509	ENSG00000100401	RANGAP1	0.0360077166817179	0.098058067569092	0.7133207	0.040710196106939815	0.06726822127151445	0.5450513641965054
22	41566595	T	C	rs6002271	ENSG00000100401	RANGAP1	0.0360077166817179	0.098058067569092	0.7133207	0.038939382910340305	0.06728990061856825	0.5628044793675699
22	41566728	T	C	rs12160751	ENSG00000100401	RANGAP1	0.1095034542447902	0.098058067569092	0.2640798	0.07982995594480778	0.06529182834535464	0.22145669930471135
22	41566823	A	G	rs9607779	ENSG00000100401	RANGAP1	-0.1633641228042816	0.098058067569092	0.0957533	-0.10759352026787933	0.06701682265234679	0.108390337980335
22	41567535	G	T	rs136393	ENSG00000100401	RANGAP1	-0.0661906370627303	0.098058067569092	0.4996758	-0.036802761232403336	0.06794700456592158	0.5880670813990708
22	41567722	G	T	rs5751060	ENSG00000100401	RANGAP1	-0.1613163271502025	0.098058067569092	0.0999698	-0.11093296401194436	0.06697928083453321	0.09767564384579537
22	41568480	T	C	rs2076577	ENSG00000100401	RANGAP1	-0.1613163271502025	0.098058067569092	0.0999698	-0.10294514811806296	0.06714063387755428	0.12520777160623348
22	41569124	C	T	rs9611510	ENSG00000100401	RANGAP1	0.0360077166817179	0.098058067569092	0.7133207	0.04122072338232041	0.06730902279276117	0.5402664807307134
22	41569609	T	C	rs2076578	ENSG00000100401	RANGAP1	0.1095034542447902	0.098058067569092	0.2640798	0.07782425287979396	0.06527824193884456	0.23318563886426225
22	41569887	A	G	rs2076580	ENSG00000100401	RANGAP1	0.1095034542447902	0.098058067569092	0.2640798	0.07620157519855396	0.06529108531146834	0.24316782619865318
22	41570071	T	C	rs2076581	ENSG00000100401	RANGAP1	-0.1613163271502025	0.098058067569092	0.0999698	-0.10905381742240379	0.06698935335131366	0.10354023770549939
22	41570745	C	T	rs5758251	ENSG00000100401	RANGAP1	0.1095034542447902	0.098058067569092	0.2640798	0.08069083119282452	0.06526895006372438	0.21635374203113233
22	41578065	A	G	rs136394	ENSG00000100401	RANGAP1	-0.1613163271502025	0.098058067569092	0.0999698	-0.11254111186141931	0.06688421637227945	0.09244754299286823
22	41578333	A	G	rs136395	ENSG00000100401	RANGAP1	-0.0705677923061065	0.098058067569092	0.4717713	-0.0485446498065058	0.06731284928855913	0.4707990571756955
22	41582922	C	G	rs6002277	ENSG00000100401	RANGAP1	0.0360077166817179	0.098058067569092	0.7133207	0.04048651129000272	0.06733032738751503	0.5476324213100885
22	41584351	A	G	rs2143694	ENSG00000100401	RANGAP1	0.1095034542447902	0.098058067569092	0.2640798	0.07970304433690335	0.06519353305655508	0.22149570534203977
22	41585793	T	G	rs2038208	ENSG00000100401	RANGAP1	-0.1613163271502025	0.098058067569092	0.0999698	-0.10282536590889027	0.06703460956156455	0.12505066517955327
22	41586320	C	T	rs4822016	ENSG00000100401	RANGAP1	-0.1613163271502025	0.098058067569092	0.0999698	-0.10219375413719577	0.06700756571996404	0.1272322380939796
22	41592677	A	G	rs2092563	ENSG00000100401	RANGAP1	0.0357050604561658	0.098058067569092	0.7157087	0.03817500886221015	0.0672231021229769	0.5701128809813814
22	41593581	C	T	rs11913442	ENSG00000100401	RANGAP1	-0.1613163271502025	0.098058067569092	0.0999698	-0.11099981038948536	0.06686124992001122	0.09688396051865138
22	41593636	G	A	rs5758257	ENSG00000100401	RANGAP1	-0.1613163271502025	0.098058067569092	0.0999698	-0.11410983304180401	0.06687893208642495	0.0879680682736531
22	41593873	T	G	rs5751061	ENSG00000100401	RANGAP1	-0.1613163271502025	0.098058067569092	0.0999698	-0.11410983304180401	0.06687893208642495	0.0879680682736531
22	41594611	T	C	rs2038209	ENSG00000100401	RANGAP1	-0.1613163271502025	0.098058067569092	0.0999698	-0.11140935225623086	0.06686652425820903	0.09568445649839291
22	41596010	A	C	rs136401	ENSG00000100401	RANGAP1	-0.1613163271502025	0.098058067569092	0.0999698	-0.1120550713595617	0.06686098554236358	0.09374973694007914
22	41597377	C	A	rs8138990	ENSG00000100401	RANGAP1	0.1095034542447902	0.098058067569092	0.2640798	0.0785816785580765	0.06517440457334772	0.22792786478647808
22	41598050	C	G	rs5758259	ENSG00000100401	RANGAP1	-0.1613163271502025	0.098058067569092	0.0999698	-0.11546963958734541	0.0669337369592365	0.08450339589327828
22	41598053	T	C	rs5751062	ENSG00000100401	RANGAP1	-0.1613163271502025	0.098058067569092	0.0999698	-0.11453377814533774	0.06696606214171266	0.08720565907762778
22	41598874	A	G	rs11703115	ENSG00000100401	RANGAP1	0.1128317803974473	0.098058067569092	0.2498145	0.08361133431158778	0.06522590627771657	0.19988716771432058
22	41598933	A	G	rs136402	ENSG00000100401	RANGAP1	0.0332867621995837	0.098058067569092	0.7341578	0.04048108093197899	0.06630283594683498	0.5414986866695364
22	41602887	T	A	rs79546	ENSG00000100401	RANGAP1	0.1173873228773452	0.098058067569092	0.2312286	0.08069140857540857	0.06519626483018356	0.2158387460674399
22	41604353	T	C	rs139431	ENSG00000100401	RANGAP1	-0.1613163271502025	0.098058067569092	0.0999698	-0.10965983107068009	0.06682177114526722	0.10078093749881818
22	41604399	G	A	rs4820432	ENSG00000100401	RANGAP1	-0.1613163271502025	0.098058067569092	0.0999698	-0.10965983107068009	0.06682177114526722	0.10078093749881818
22	41604557	A	G	rs139432	ENSG00000100401	RANGAP1	-0.1613163271502025	0.098058067569092	0.0999698	-0.10965983107068009	0.06682177114526722	0.10078093749881818
22	41604652	G	C	rs139433	ENSG00000100401	RANGAP1	-0.1613163271502025	0.098058067569092	0.0999698	-0.1100927146167919	0.0668233810018752	0.0994516453558887
22	41604785	G	A	rs139434	ENSG00000100401	RANGAP1	-0.1613163271502025	0.098058067569092	0.0999698	-0.10965983107068009	0.06682177114526722	0.10078093749881818
22	41604811	A	G	rs139435	ENSG00000100401	RANGAP1	-0.1613163271502025	0.098058067569092	0.0999698	-0.10965983107068009	0.06682177114526722	0.10078093749881818
22	41605131	A	G	rs139436	ENSG00000100401	RANGAP1	-0.1613163271502025	0.098058067569092	0.0999698	-0.10965983107068009	0.06682177114526722	0.10078093749881818
22	41605635	C	T	rs139437	ENSG00000100401	RANGAP1	-0.1613163271502025	0.098058067569092	0.0999698	-0.10965983107033724	0.06682177114526722	0.10078093749988312
22	41606030	C	A	rs139439	ENSG00000100401	RANGAP1	-0.1613163271502025	0.098058067569092	0.0999698	-0.10965755305284007	0.06679233537969413	0.10063798703604852
22	41606195	C	T	rs7290378	ENSG00000100401	RANGAP1	-0.1613163271502025	0.098058067569092	0.0999698	-0.10965983107068009	0.06682177114526722	0.10078093749881818
22	41606264	G	A	rs7289286	ENSG00000100401	RANGAP1	-0.1599912096483008	0.098058067569092	0.1028059	-0.10791997750903122	0.0668458936149533	0.1064278287093291
22	41606312	C	T	rs7290545	ENSG00000100401	RANGAP1	-0.1599912096483008	0.098058067569092	0.1028059	-0.10944427174491167	0.06678934598468397	0.1012864537444075
22	41606395	C	G	rs7289858	ENSG00000100401	RANGAP1	-0.1613163271502025	0.098058067569092	0.0999698	-0.1097727296770733	0.06680228645910463	0.10033161356213478
22	41606397	A	G	rs7289861	ENSG00000100401	RANGAP1	-0.1613163271502025	0.098058067569092	0.0999698	-0.1097727296770733	0.06680228645910463	0.10033161356213478
22	41606720	A	G	rs5758262	ENSG00000100401	RANGAP1	-0.1613163271502025	0.098058067569092	0.0999698	-0.10965983107068009	0.06682177114526722	0.10078093749881818
22	41606988	G	A	rs139440	ENSG00000100401	RANGAP1	-0.1613163271502025	0.098058067569092	0.0999698	-0.10965983107068009	0.06682177114526722	0.10078093749881818
22	41607056	G	A	rs139441	ENSG00000100401	RANGAP1	-0.1613163271502025	0.098058067569092	0.0999698	-0.10965983107068009	0.06682177114526722	0.10078093749881818
22	41607065	G	C	rs4820433	ENSG00000100401	RANGAP1	0.0215652930346447	0.098058067569092	0.8258712	0.03819609991098208	0.06638097168266023	0.5650158252047854
22	41608462	C	T	rs139445	ENSG00000100401	RANGAP1	-0.1613163271502025	0.098058067569092	0.0999698	-0.11062303457774567	0.06684166499389142	0.097924258124736
22	41608526	C	G	rs139446	ENSG00000100401	RANGAP1	-0.1613163271502025	0.098058067569092	0.0999698	-0.10965983107068009	0.06682177114526722	0.10078093749881818
22	41608629	T	G	rs8141477	ENSG00000100401	RANGAP1	-0.1613163271502025	0.098058067569092	0.0999698	-0.10795715539623017	0.06681590674373675	0.10615046682926063
22	41608670	G	C	rs12167677	ENSG00000100401	RANGAP1	-0.1613163271502025	0.098058067569092	0.0999698	-0.10965983107068009	0.06682177114526722	0.10078093749881818
22	41608948	T	C	rs12169035	ENSG00000100401	RANGAP1	-0.1613163271502025	0.098058067569092	0.0999698	-0.10862548713932087	0.0668283776821476	0.1040689376926797
22	41609430	A	G	rs139447	ENSG00000100401	RANGAP1	-0.1613163271502025	0.098058067569092	0.0999698	-0.10963315578903461	0.06682177114526722	0.10086382042771559
22	41609690	T	C	rs3818003	ENSG00000100401	RANGAP1	0.0152931460238823	0.098058067569092	0.876033	0.03347001373357165	0.06633088438593683	0.6138456404557373
22	41609859	C	T	rs139450	ENSG00000100401	RANGAP1	-0.1613163271502025	0.098058067569092	0.0999698	-0.10963315578903461	0.06682177114526722	0.10086382042771559
22	41610024	A	G	rs139451	ENSG00000100401	RANGAP1	-0.1613163271502025	0.098058067569092	0.0999698	-0.10965983107068009	0.06682177114526722	0.10078093749881818
22	41610172	C	G	rs139452	ENSG00000100401	RANGAP1	-0.1613163271502025	0.098058067569092	0.0999698	-0.11503873985135155	0.06682476088608832	0.08516036554696894
22	41610242	G	A	rs139453	ENSG00000100401	RANGAP1	-0.1613163271502025	0.098058067569092	0.0999698	-0.10963315578903461	0.06682177114526722	0.10086382042771559
22	41610391	A	G	rs139454	ENSG00000100401	RANGAP1	-0.1613163271502025	0.098058067569092	0.0999698	-0.10963315578903461	0.06682177114526722	0.10086382042771559
22	41610406	G	C	rs139455	ENSG00000100401	RANGAP1	-0.1613163271502025	0.098058067569092	0.0999698	-0.10963315578903461	0.06682177114526722	0.10086382042771559
22	41610449	G	A	rs139456	ENSG00000100401	RANGAP1	-0.1613163271502025	0.098058067569092	0.0999698	-0.10963315578903461	0.06682177114526722	0.10086382042771559
22	41610667	C	T	rs139457	ENSG00000100401	RANGAP1	-0.1613163271502025	0.098058067569092	0.0999698	-0.10963315578903461	0.06682177114526722	0.10086382042771559
22	41610668	A	G	rs139458	ENSG00000100401	RANGAP1	-0.1613163271502025	0.098058067569092	0.0999698	-0.10963315578903461	0.06682177114526722	0.10086382042771559
22	41611063	C	T	rs139460	ENSG00000100401	RANGAP1	-0.1613163271502025	0.098058067569092	0.0999698	-0.10963315578903461	0.06682177114526722	0.10086382042771559
22	41611240	C	T	rs8139263	ENSG00000100401	RANGAP1	-0.1613163271502025	0.098058067569092	0.0999698	-0.10977745107504822	0.0668014716986812	0.10031285250240425
22	41611460	T	C	rs139461	ENSG00000100401	RANGAP1	0.1318071343340369	0.098058067569092	0.1788837	0.09030158665304962	0.06513162591179826	0.16561026918035449
22	41611610	G	A	rs13058265	ENSG00000100401	RANGAP1	-0.1613163271502025	0.098058067569092	0.0999698	-0.1099443286252698	0.06680049889420757	0.0997924024236208
22	41611619	C	T	rs13054131	ENSG00000100401	RANGAP1	-0.1613163271502025	0.098058067569092	0.0999698	-0.1099443286252698	0.06680049889420757	0.0997924024236208
22	41612541	C	T	rs139462	ENSG00000100401	RANGAP1	-0.1606533271379475	0.098058067569092	0.10138	-0.10956932391785167	0.06682177114526722	0.10106237330496777
22	41612543	G	T	rs139463	ENSG00000100401	RANGAP1	-0.1606533271379475	0.098058067569092	0.10138	-0.10956932391785167	0.06682177114526722	0.10106237330496777
22	41612965	G	T	rs85220	ENSG00000100401	RANGAP1	-0.1613163271502025	0.098058067569092	0.0999698	-0.10965983107068009	0.06682177114526722	0.10078093749881818
22	41613188	T	C	rs9611519	ENSG00000100401	RANGAP1	0.0182768863212949	0.098058067569092	0.8521311	0.03321607702033611	0.06721957862421855	0.6212052675096632
22	41613303	T	C	rs9611520	ENSG00000100401	RANGAP1	0.0179782798939335	0.098058067569092	0.8544842	0.03307575556860624	0.06721957862421855	0.6226801914913196
22	41614020	G	C	rs139464	ENSG00000100401	RANGAP1	-0.1613163271502025	0.098058067569092	0.0999698	-0.1150654130634602	0.06682476088608832	0.08508802190814459
22	41614113	T	C	rs139465	ENSG00000100401	RANGAP1	-0.1613163271502025	0.098058067569092	0.0999698	-0.1187016509357805	0.06703326497918093	0.07659608698412444
22	41614259	A	G	rs139466	ENSG00000100401	RANGAP1	0.1318071343340369	0.098058067569092	0.1788837	0.09030158665304962	0.06513162591179826	0.16561026918035449
22	41614996	A	G	rs139467	ENSG00000100401	RANGAP1	0.1318071343340369	0.098058067569092	0.1788837	0.09294858887218423	0.06511629387505984	0.15345759233833242
22	41615028	T	C	rs139468	ENSG00000100401	RANGAP1	0.1318071343340369	0.098058067569092	0.1788837	0.09294191350068831	0.06511629387505984	0.15348712559239938
22	41615376	T	C	rs2273085	ENSG00000100401	RANGAP1	0.0152931460238823	0.098058067569092	0.876033	0.034630640470224586	0.0665404762038808	0.602753637669714
22	41615832	A	G	rs139469	ENSG00000100401	RANGAP1	0.1314977611308564	0.098058067569092	0.1798555	0.09281216342422832	0.06511629387505984	0.1540620261076132
22	41616284	G	T	rs5758264	ENSG00000100401	RANGAP1	0.0164860224158603	0.098058067569092	0.8664259	0.034276331175919425	0.06633719087966918	0.6053665996172056
22	41616516	T	C	rs139470	ENSG00000100401	RANGAP1	-0.1613163271502025	0.098058067569092	0.0999698	-0.11883765712511715	0.06702336519244753	0.076215775937654
22	41617026	T	C	rs79543	ENSG00000100401	RANGAP1	0.1284105597663517	0.098058067569092	0.1903312	0.08682665325609118	0.06520677433174361	0.18300521565887795
22	41617318	G	C	rs139472	ENSG00000100401	RANGAP1	0.1271789210202636	0.098058067569092	0.1946312	0.0833756051739798	0.0650666440335828	0.20005748005677926
22	41617897	A	G	rs5758265	ENSG00000100401	RANGAP1	0.0230623651638355	0.098058067569092	0.8140535	0.043781971287439096	0.06645658974886037	0.5100206320257406
22	41618372	A	G	rs79545	ENSG00000100401	RANGAP1	0.1231883008734381	0.098058067569092	0.208971	0.08996640854792322	0.06509087238904607	0.16692065304619752
22	41618880	T	G	rs5758266	ENSG00000100401	RANGAP1	0.028765902858185	0.098058067569092	0.7692164	0.04822629357114004	0.06657119593821884	0.46880066193936687
22	41618971	C	G	rs139473	ENSG00000100401	RANGAP1	-0.1619802096850655	0.098058067569092	0.0985753	-0.1167793112324924	0.06689723628012466	0.0808713965701215
22	41619226	C	G	rs139474	ENSG00000100401	RANGAP1	-0.1613163271502025	0.098058067569092	0.0999698	-0.11677224299928174	0.06700102992098857	0.08136112891839738
22	41619350	A	T	rs5758267	ENSG00000100401	RANGAP1	0.0296687332921004	0.098058067569092	0.7621947	0.042933830811236876	0.066559645836518	0.5188993478405264
22	41621714	A	G	rs2179744	ENSG00000100401	RANGAP1	0.0363104611595307	0.098058067569092	0.7110845	0.0468945444253844	0.06661532643108943	0.4814575044413676
22	41622419	T	A	rs5758268	ENSG00000100401	RANGAP1	0.0363104611595307	0.098058067569092	0.7110845	0.04575727037361774	0.066559645836518	0.4917912308749399
22	41623996	T	C	rs139475	ENSG00000100401	RANGAP1	-0.1619988505237104	0.098058067569092	0.0985346	-0.1227399714672998	0.0669647151160139	0.0668166771716205
22	41624461	G	A	rs139477	ENSG00000100401	RANGAP1	-0.0705677923061065	0.098058067569092	0.4717713	-0.04290635280293809	0.06792118222173048	0.5275777127793488
22	41624761	A	G	rs139478	ENSG00000100401	RANGAP1	-0.1613163271502025	0.098058067569092	0.0999698	-0.11331876101156658	0.06687801351369085	0.0901874399750379
22	41626663	C	T	rs139480	ENSG00000100401	RANGAP1	0.1107125984701779	0.098058067569092	0.2588135	0.07731293162339505	0.06513345205077913	0.2352305029148618
22	41627073	T	C	rs3721	ENSG00000100401	RANGAP1	-0.1613163271502025	0.098058067569092	0.0999698	-0.1129007349663597	0.06697584103588845	0.09185486366166068
22	41627386	T	C	rs139481	ENSG00000100401	RANGAP1	-0.1744142177979953	0.098058067569092	0.0753054	-0.14655596134780818	0.0665314603378301	0.027608360104136073
22	41627527	A	G	rs139483	ENSG00000100401	RANGAP1	0.1125287907744656	0.098058067569092	0.2511337	0.07569911380878397	0.0648086517535132	0.24279052958925385
22	41627543	G	T	rs139484	ENSG00000100401	RANGAP1	-0.1613163271502025	0.098058067569092	0.0999698	-0.10515310807153946	0.06685911961093276	0.11577523547849773
22	41627606	A	G	rs139485	ENSG00000100401	RANGAP1	-0.1613163271502025	0.098058067569092	0.0999698	-0.0996718380013463	0.06680861308121118	0.13572509524909207
22	41627654	G	C	rs139486	ENSG00000100401	RANGAP1	-0.1616481556508563	0.098058067569092	0.0992706	-0.10230808446563203	0.06694619630485672	0.12645952506672442
22	41627775	G	C	rs5751069	ENSG00000100401	RANGAP1	0.0341930148600572	0.098058067569092	0.7272395	0.04406936392055215	0.06627695182217017	0.5060969038233966
22	41627924	T	C	rs9611522	ENSG00000100401	RANGAP1	0.0209553620485582	0.098058067569092	0.830703	0.04089083592829819	0.06704067197474693	0.5419010751642067
22	41628902	T	G	rs139492	ENSG00000100401	RANGAP1	-0.1449539559575467	0.098058067569092	0.1393543	-0.09113939108466924	0.06681627547395619	0.17255818589457694
22	41632079	T	C	rs139493	ENSG00000100401	RANGAP1	-0.1442728446202118	0.098058067569092	0.141237	-0.10142805655990268	0.0670886218708453	0.13057155753101152
22	41635204	C	G	rs2281336	ENSG00000100401	RANGAP1	-0.1439412318473067	0.098058067569092	0.1421586	-0.09842607793114638	0.06666888131327624	0.13985207084209822
22	41635425	T	C	rs139495	ENSG00000100401	RANGAP1	-0.0544855828183024	0.098058067569092	0.5784843	-0.03278509821755459	0.06667893484548126	0.62294134250132
22	41637119	T	G	rs4820434	ENSG00000100401	RANGAP1	0.0638288300588747	0.098058067569092	0.5150465	0.07785076873949472	0.06749732153479605	0.2487501432274658
22	41639728	T	G	rs139496	ENSG00000100401	RANGAP1	0.0414499492376092	0.098058067569092	0.6724412	0.024324075343121705	0.06559909631745928	0.7107872913436026
22	41640098	C	T	rs139497	ENSG00000100401	RANGAP1	0.0614059622963438	0.098058067569092	0.5310526	0.04914955743563566	0.0645061964850877	0.4460985346574343
22	41640659	T	C	rs9611525	ENSG00000100401	RANGAP1	0.0436895562776602	0.098058067569092	0.6558862	0.055064928400117515	0.06567985484002985	0.4018151667723411
22	41640850	T	C	rs6002295	ENSG00000100401	RANGAP1	0.0695215911715983	0.098058067569092	0.4783245	0.1110802697675424	0.056388805661225685	0.04884991072122494
22	41641984	T	C	rs1953	ENSG00000100401	RANGAP1	-0.0912870403337651	0.098058067569092	0.351957	-0.04417803435675501	0.06695489384493847	0.5093707246270069
22	41642212	T	C	rs3171692	ENSG00000100401	RANGAP1	0.0978228360708005	0.098058067569092	0.3183764	0.08104309580973715	0.06722832926588722	0.22801409766751302
22	41644074	T	C	rs1983631	ENSG00000100401	RANGAP1	0.0975213075130255	0.098058067569092	0.3199308	0.07404270779637136	0.06675780179166109	0.26737651412026764
22	41644234	C	G	rs139498	ENSG00000100401	RANGAP1	-0.2377347638636256	0.098058067569092	0.0153337	-0.16783965473073345	0.066212817306813	0.011249502531251688
22	41644428	A	G	rs9611527	ENSG00000100401	RANGAP1	0.0991886966997771	0.098058067569092	0.3117293	0.07590183677026517	0.06678915362790872	0.2557726446310046
22	41645085	A	G	rs139499	ENSG00000100401	RANGAP1	0.1624949557049627	0.098058067569092	0.097479	0.13661012939065906	0.06664214006692518	0.04037359490709219
22	41645757	C	G	rs71948	ENSG00000100401	RANGAP1	0.1621986830596094	0.098058067569092	0.0980869	0.1285665879353788	0.06665382974420528	0.05374697438229031
22	41646738	G	A	rs11703267	ENSG00000100401	RANGAP1	-0.2348909328170206	0.098058067569092	0.0166022	-0.17024787513768688	0.06645832721111855	0.010415412738087422
22	41647491	T	A	rs139501	ENSG00000100401	RANGAP1	0.1624949557049627	0.098058067569092	0.097479	0.13289284310320898	0.06783023388097664	0.05008962994986634
22	41648091	T	C	rs139502	ENSG00000100401	RANGAP1	-0.2348909328170206	0.098058067569092	0.0166022	-0.17232118873379643	0.0664076833540592	0.009461889464445693
22	41648502	C	T	rs9611528	ENSG00000100401	RANGAP1	0.0978228360708005	0.098058067569092	0.3183764	0.08105056619033746	0.06693827292721413	0.22596229909426502
22	41649941	A	G	rs139503	ENSG00000100401	RANGAP1	-0.2348909328170206	0.098058067569092	0.0166022	-0.17034922833601832	0.06648253081065347	0.010397677473938752
22	41650699	C	G	rs139504	ENSG00000100401	RANGAP1	0.1616062358269705	0.098058067569092	0.0993116	0.13484693558835933	0.06662476274858456	0.04297259837921066
22	41651026	C	T	rs139505	ENSG00000100401	RANGAP1	-0.0637286931602731	0.098058067569092	0.5158214	-0.03827721418844377	0.0668615793466534	0.5669938205465561
22	41651034	A	G	rs104974	ENSG00000100401	RANGAP1	-0.2348909328170206	0.098058067569092	0.0166022	-0.17245434873417714	0.06642485520417334	0.009425234301581216
22	41651440	G	A	rs139506	ENSG00000100401	RANGAP1	-0.2348909328170206	0.098058067569092	0.0166022	-0.170475391884292	0.06638025640184861	0.010223874212285341
22	41651467	C	T	rs139507	ENSG00000100401	RANGAP1	-0.2348909328170206	0.098058067569092	0.0166022	-0.17322108920300974	0.06640787662711464	0.009095544548722185
22	41651704	G	A	rs139508	ENSG00000100401	RANGAP1	0.1619024496374832	0.098058067569092	0.0986977	0.13610732481452073	0.06656660180589642	0.04088652715657903
22	41652345	G	C	rs470112	ENSG00000100401	RANGAP1	-0.2348909328170206	0.098058067569092	0.0166022	-0.17439283320709376	0.06641596879114864	0.008645407380444087
22	41652733	A	G	rs139509	ENSG00000100401	RANGAP1	-0.0637286931602731	0.098058067569092	0.5158214	-0.037729094742413094	0.06688857035563396	0.5727140343454132
22	41652846	T	G	rs4820435	ENSG00000100401	RANGAP1	0.0971400283288966	0.098058067569092	0.3217832	0.08458308097391835	0.0674131203003715	0.2095885534286438
22	41653540	G	T	rs2235849	ENSG00000100401	RANGAP1	0.0971400283288966	0.098058067569092	0.3217832	0.07729109130317206	0.06661978839314137	0.24597464082736498
22	41654955	A	G	rs139512	ENSG00000100401	RANGAP1	0.1380902050135265	0.098058067569092	0.1590127	0.1307922869315332	0.066635226777856	0.049668259845777794
22	41655058	A	G	rs139513	ENSG00000100401	RANGAP1	0.1347152816671605	0.098058067569092	0.1694417	0.11124413685038342	0.0665890491792167	0.09479931360060928
22	41656133	G	A	rs139515	ENSG00000100401	RANGAP1	-0.2348909328170206	0.098058067569092	0.0166022	-0.17375173802835397	0.06637128229224964	0.008847914203790427
22	41656332	A	G	rs5751071	ENSG00000100401	RANGAP1	0.096315909105819	0.098058067569092	0.3259028	0.07908916719541051	0.0668806465844898	0.2369907485050412
22	41656509	A	G	rs5751072	ENSG00000100401	RANGAP1	0.0966171434893912	0.098058067569092	0.3244276	0.07726960060832762	0.0668829264759821	0.24796909153565894
22	41657626	T	C	rs2235850	ENSG00000100401	RANGAP1	0.0974416353331256	0.098058067569092	0.3203202	0.0835043987113909	0.06696615183229634	0.21241059852222666
22	41657705	A	G	rs139516	ENSG00000100401	RANGAP1	-0.2348909328170206	0.098058067569092	0.0166022	-0.1757757979860813	0.06645155002411177	0.008164933510708704
22	41658632	T	C	rs2284079	ENSG00000100401	RANGAP1	0.0974416353331256	0.098058067569092	0.3203202	0.0835043987113909	0.06696615183229634	0.21241059852222666
22	41659580	A	G	rs2413639	ENSG00000100401	RANGAP1	0.0974416353331256	0.098058067569092	0.3203202	0.0835284268741628	0.06696615183229634	0.2122790573958937
22	41660410	G	C	rs139519	ENSG00000100401	RANGAP1	-0.2348909328170206	0.098058067569092	0.0166022	-0.17586468520343856	0.0664515491611781	0.008132711566536825
22	41660645	A	G	rs2235851	ENSG00000100401	RANGAP1	-0.2991819497715755	0.098058067569092	0.0022808	-0.2803400665125208	0.06553591255499813	1.888718907573497e-05
22	41660964	A	G	rs139520	ENSG00000100401	RANGAP1	0.1619024496374832	0.098058067569092	0.0986977	0.13019209978092866	0.06663429074227947	0.05072128341538234
22	41661154	T	G	rs2235852	ENSG00000100401	RANGAP1	0.0974416353331256	0.098058067569092	0.3203202	0.0835284268741628	0.06696615183229634	0.2122790573958937
22	41664513	T	C	rs5758273	ENSG00000100401	RANGAP1	0.1619024496374832	0.098058067569092	0.0986977	0.1291360089193837	0.06664593444608571	0.052666828130447194
22	41664539	G	A	rs5758274	ENSG00000100401	RANGAP1	0.0974416353331256	0.098058067569092	0.3203202	0.08076022881940902	0.06666375685923524	0.22572056986351685
22	41664942	A	G	rs139525	ENSG00000100401	RANGAP1	-0.2348909328170206	0.098058067569092	0.0166022	-0.1758646810678506	0.06645155002411177	0.008132713889399791
22	41665722	A	G	rs5751074	ENSG00000100401	RANGAP1	0.0974416353331256	0.098058067569092	0.3203202	0.08352842460001708	0.06696615239133143	0.21227907365928966
22	41667493	C	G	rs2267429	ENSG00000100401	RANGAP1	0.0974416353331256	0.098058067569092	0.3203202	0.08352842460015297	0.06696615239133143	0.2122790736585457
22	41667727	G	A	rs139526	ENSG00000100401	RANGAP1	-0.2348909328170206	0.098058067569092	0.0166022	-0.17620386409238328	0.06638078769428765	0.007944000263013956
22	41671732	A	G	rs6519249	ENSG00000100401	RANGAP1	-0.2348909328170206	0.098058067569092	0.0166022	-0.1760703160876083	0.06641556413141808	0.0080244341099427
22	41672271	A	C	rs139528	ENSG00000100401	RANGAP1	0.1616062358269705	0.098058067569092	0.0993116	0.13365790504178496	0.06655725244324708	0.044625824460486074
22	41672514	A	G	rs139529	ENSG00000100401	RANGAP1	0.1616062358269705	0.098058067569092	0.0993116	0.12851345423200564	0.06654294359152776	0.05344769582946257
22	41673592	T	A	rs8139515	ENSG00000100401	RANGAP1	-0.2943661905977696	0.098058067569092	0.0026839	-0.2822111397689111	0.06566075007135073	1.7233153135903144e-05
22	41674203	T	C	rs9611540	ENSG00000100401	RANGAP1	0.0974416353331256	0.098058067569092	0.3203202	0.08230171112213698	0.06727500286878688	0.22119283617750185
22	41674521	G	A	rs60171	ENSG00000100401	RANGAP1	0.1609026986095825	0.098058067569092	0.1007974	0.12836493306972346	0.06654294359152776	0.053724155877496745
22	41675015	T	C	rs5758280	ENSG00000100401	RANGAP1	0.1616062358269705	0.098058067569092	0.0993116	0.12851345423200564	0.06654294359152776	0.05344769582946257
22	41675108	G	A	rs5996011	ENSG00000100401	RANGAP1	0.1616062358269705	0.098058067569092	0.0993116	0.12851345382178242	0.06654294386263496	0.053447697563929294
22	41675126	G	A	rs6002310	ENSG00000100401	RANGAP1	0.0974416353331256	0.098058067569092	0.3203202	0.07588432354345127	0.06677097516497674	0.2557529392181015
22	41676176	G	A	rs139531	ENSG00000100401	RANGAP1	-0.0637286931602731	0.098058067569092	0.5158214	-0.03331278858504797	0.06682335380941966	0.6181174680930681
22	41677214	T	C	rs139533	ENSG00000100401	RANGAP1	0.1616062358269705	0.098058067569092	0.0993116	0.12789724299461558	0.06654459505455264	0.05460853496699836
22	41677317	T	C	rs9611542	ENSG00000100401	RANGAP1	0.0974416353331256	0.098058067569092	0.3203202	0.08908805437713643	0.06740639971357429	0.18628281677103709
22	41678351	C	T	rs139535	ENSG00000100401	RANGAP1	-0.2348909328170206	0.098058067569092	0.0166022	-0.1706218718597198	0.06633830080079249	0.0101113938684095
22	41680898	T	C	rs8139705	ENSG00000100401	RANGAP1	-0.2943661905977696	0.098058067569092	0.0026839	-0.28757053705671887	0.06587857593122641	1.2702963286174204e-05
22	41682014	T	G	rs8139784	ENSG00000100401	RANGAP1	-0.2943661905977696	0.098058067569092	0.0026839	-0.2879811505452902	0.06580143860058116	1.2059048854860843e-05
22	41683144	C	G	rs11704524	ENSG00000100401	RANGAP1	-0.2943661905977696	0.098058067569092	0.0026839	-0.2853376153212205	0.06567667764402735	1.395420440119188e-05
22	41683806	C	A	rs1969666	ENSG00000100401	RANGAP1	0.0974416353331256	0.098058067569092	0.3203202	0.08323532611557868	0.06670655833928488	0.21211044459266004
22	41684003	T	A	rs6002312	ENSG00000100401	RANGAP1	-0.2692447825195047	0.098058067569092	0.00604	-0.18304862258775134	0.06448491624151337	0.004530808922164421
22	41684093	T	C	rs1535048	ENSG00000100401	RANGAP1	0.0960762257712598	0.098058067569092	0.3271849	0.08261917488701194	0.06724533694833705	0.21921314740355635
22	41684426	A	G	rs1984584	ENSG00000100401	RANGAP1	-0.2348909328170206	0.098058067569092	0.0166022	-0.17234377447883445	0.06644988002780984	0.009497955128614902
22	41684808	C	G	rs1003619	ENSG00000100401	RANGAP1	-0.2348909328170206	0.098058067569092	0.0166022	-0.16731159154556222	0.06644869926732824	0.011805475746138036
22	41685937	C	G	rs1984839	ENSG00000100401	RANGAP1	0.0960762257712598	0.098058067569092	0.3271849	0.09059551428967416	0.06725278513203234	0.17795144010865893
22	41688550	C	G	rs9680530	ENSG00000100401	RANGAP1	0.1490843971029191	0.098058067569092	0.1284105	0.11410641422447221	0.06637338248903352	0.08558537921897987
22	41689407	A	C	rs6519250	ENSG00000100401	RANGAP1	0.148384615509519	0.098058067569092	0.1301781	0.11394694509734937	0.06638421855183484	0.08607488208753988
22	41689509	T	C	rs5996014	ENSG00000100401	RANGAP1	0.148384615509519	0.098058067569092	0.1301781	0.11738906777342839	0.0664818972213217	0.07744118903242345
22	41692581	A	G	rs8138006	ENSG00000100401	RANGAP1	0.148384615509519	0.098058067569092	0.1301781	0.11394694509734937	0.06638421855183484	0.08607488208753988
22	41697338	G	A	rs2024566	ENSG00000100401	RANGAP1	0.0974416353331256	0.098058067569092	0.3203202	0.08277870993162809	0.0673429974553043	0.21899294680783443
22	41698542	G	C	rs9611546	ENSG00000100401	RANGAP1	0.0974416353331256	0.098058067569092	0.3203202	0.0913763651003105	0.06750092434504765	0.17583038791951533
22	41699206	C	G	rs2024567	ENSG00000100401	RANGAP1	0.0974416353331256	0.098058067569092	0.3203202	0.08649354738417876	0.06736879296791043	0.19918341909162152
22	41700030	C	G	rs2092564	ENSG00000100401	RANGAP1	0.0974416353331256	0.098058067569092	0.3203202	0.0913763651003105	0.06750092434504765	0.17583038791951533
22	41700203	T	C	rs4822020	ENSG00000100401	RANGAP1	0.0974416353331256	0.098058067569092	0.3203202	0.08455777549616324	0.0673566034788765	0.2093427713331214
22	41700361	G	A	rs55658582	ENSG00000100401	RANGAP1	-0.2339653038823954	0.098058067569092	0.017042	-0.1721758408429404	0.06646216101531806	0.009581310983595031
22	41700657	C	G	rs7292854	ENSG00000100401	RANGAP1	-0.2339653038823954	0.098058067569092	0.017042	-0.17196059208206865	0.06646216101531806	0.009671847914029462
22	41701064	G	A	rs7287619	ENSG00000100401	RANGAP1	-0.2339653038823954	0.098058067569092	0.017042	-0.1721758408429404	0.06646216101531806	0.009581310983595031
22	41701125	C	T	rs6002323	ENSG00000100401	RANGAP1	0.0974416353331256	0.098058067569092	0.3203202	0.08728727163790226	0.06679164958919505	0.1912605863799095
22	41703408	G	A	rs1883825	ENSG00000100401	RANGAP1	0.0974416353331256	0.098058067569092	0.3203202	0.07875416297308545	0.06681262323899036	0.2385049928427425
22	41703428	A	G	rs1883826	ENSG00000100401	RANGAP1	0.0974416353331256	0.098058067569092	0.3203202	0.08384493167412646	0.06731787617551671	0.21294519480970087
22	41703579	G	A	rs1883827	ENSG00000100401	RANGAP1	0.0974416353331256	0.098058067569092	0.3203202	0.07875416297308545	0.06681262323899036	0.2385049928427425
22	41703804	G	A	rs7289932	ENSG00000100401	RANGAP1	-0.2333488030057817	0.098058067569092	0.0173314	-0.17467562717187374	0.06646322167237254	0.008584946874455074
22	41704143	T	G	rs9611548	ENSG00000100401	RANGAP1	0.0974416353331256	0.098058067569092	0.3203202	0.09102608584531408	0.06736039007681757	0.17658988908734952
22	41704872	T	C	rs34011394	ENSG00000100401	RANGAP1	-0.2333488030057817	0.098058067569092	0.0173314	-0.1696017360832225	0.06642059695569272	0.010666130207676781
22	41705909	G	C	rs9611549	ENSG00000100401	RANGAP1	0.0974416353331256	0.098058067569092	0.3203202	0.08384493167412646	0.06731787617551671	0.21294519480970087
22	41709235	A	G	rs1807590	ENSG00000100401	RANGAP1	-0.2512220430977353	0.098058067569092	0.0104131	-0.15486484137875126	0.06648491319096934	0.01984195768366779
22	41710034	C	T	rs6002328	ENSG00000100401	RANGAP1	0.0776676180477993	0.098058067569092	0.4282441	0.08170573832307367	0.06662993406574894	0.2201001973726927
22	41713111	A	G	rs9611555	ENSG00000100401	RANGAP1	0.0769865459336914	0.098058067569092	0.4323363	0.09322809010540743	0.06744845939810881	0.1669065249315178
22	41714912	A	G	rs13057907	ENSG00000100401	RANGAP1	-0.2208047835468462	0.098058067569092	0.0243476	-0.17034662283318572	0.06639417185302016	0.010297188228448153
22	41719469	T	C	rs6002333	ENSG00000100401	RANGAP1	0.0304283106951041	0.098058067569092	0.7562568	0.07517672607775772	0.06792849120517541	0.2684219690394992
22	41720697	G	A	rs5758297	ENSG00000100401	RANGAP1	0.0263471045054582	0.098058067569092	0.7880836	0.06524766113288319	0.06705833390164294	0.3305540266013929
22	41720728	C	G	rs5751077	ENSG00000100401	RANGAP1	0.0263471045054582	0.098058067569092	0.7880836	0.06524766113288319	0.06705833390164294	0.3305540266013929
22	41722864	C	T	rs3927	ENSG00000100401	RANGAP1	0.0263471045054582	0.098058067569092	0.7880836	0.07413091378412984	0.06792359943304847	0.2751027573609761
22	41725180	G	C	rs5758300	ENSG00000100401	RANGAP1	0.0263471045054582	0.098058067569092	0.7880836	0.06526576672571935	0.06704930561713136	0.33035474165971157
22	41726053	A	G	rs4822021	ENSG00000100401	RANGAP1	0.0263471045054582	0.098058067569092	0.7880836	0.0706587901892577	0.06769796056925119	0.2966076064397293
22	41726803	G	T	rs6002337	ENSG00000100401	RANGAP1	0.0263471045054582	0.098058067569092	0.7880836	0.0677066742797162	0.06726305505932159	0.3141292997514009
22	41727031	A	G	rs9611556	ENSG00000100401	RANGAP1	0.0263471045054582	0.098058067569092	0.7880836	0.07460011952050521	0.06789620288223991	0.2718824822704896
22	41728620	C	T	rs2143695	ENSG00000100401	RANGAP1	0.0263471045054582	0.098058067569092	0.7880836	0.06642710592221092	0.06707269305645124	0.3219909510747092
22	41729216	A	G	rs8137373	ENSG00000100401	RANGAP1	0.0263471045054582	0.098058067569092	0.7880836	0.07071573627114591	0.06767211959820404	0.2960340932163308
22	41729294	G	T	rs2235845	ENSG00000100401	RANGAP1	0.0263471045054582	0.098058067569092	0.7880836	0.06642710592221092	0.06707269305645124	0.3219909510747092
22	41732389	C	T	rs5758301	ENSG00000100401	RANGAP1	0.0263471045054582	0.098058067569092	0.7880836	0.06644667355397632	0.0670630928542137	0.321779162664214
22	41733895	G	A	rs4822022	ENSG00000100401	RANGAP1	0.0263471045054582	0.098058067569092	0.7880836	0.06437854773175115	0.06706990557105182	0.3371194647436403
22	41736267	G	A	rs5751080	ENSG00000100401	RANGAP1	0.0263471045054582	0.098058067569092	0.7880836	0.06821596840184788	0.06699499471473307	0.30857111281720495
22	41739370	T	C	rs1883828	ENSG00000100401	RANGAP1	0.1477992088461315	0.098058067569092	0.1317594	0.07046957231215312	0.06247680022785149	0.25934870532703225
22	41741042	C	G	rs2235846	ENSG00000100401	RANGAP1	0.0263471045054582	0.098058067569092	0.7880836	0.06828997752968455	0.066959469531868	0.30778995381768426
22	41741544	A	G	rs4822023	ENSG00000100401	RANGAP1	0.0263471045054582	0.098058067569092	0.7880836	0.07422134321343357	0.0678760767908657	0.27418174289862873
22	41742788	T	A	rs5751081	ENSG00000100401	RANGAP1	0.0263471045054582	0.098058067569092	0.7880836	0.06826374392362163	0.06697206126616352	0.3080667869380127
22	41744022	G	C	rs761366	ENSG00000100401	RANGAP1	0.0263471045054582	0.098058067569092	0.7880836	0.07259829496762071	0.06782777432344905	0.28446951321207825
22	41745355	A	G	rs2281331	ENSG00000100401	RANGAP1	0.1284973901851841	0.098058067569092	0.1900606	0.06961902790453102	0.06253142807548277	0.2655604575650249
22	41745548	G	C	rs4239894	ENSG00000100401	RANGAP1	0.0571948487787824	0.098058067569092	0.5596241	0.08850564925396061	0.06811825510440145	0.1938430068175716
22	41746212	C	T	rs2281332	ENSG00000100401	RANGAP1	0.0263471045054582	0.098058067569092	0.7880836	0.06821596770266893	0.06699499505037498	0.30857112019944566
22	41747717	A	G	rs3817999	ENSG00000100401	RANGAP1	0.0571948487787824	0.098058067569092	0.5596241	0.0813899196950671	0.06702166242862939	0.22460177620141364
22	41749630	C	T	rs2281333	ENSG00000100401	RANGAP1	0.0599020653256501	0.098058067569092	0.5411996	0.09173650412996154	0.06733414933947057	0.1730695333109793
22	41749796	T	C	rs7290404	ENSG00000100401	RANGAP1	0.0599020653256501	0.098058067569092	0.5411996	0.09633895803288527	0.06846944314954052	0.15941677199789916
22	41750219	G	A	rs5758307	ENSG00000100401	RANGAP1	0.0602813539310074	0.098058067569092	0.5386868	0.08752476277410388	0.06761599671650649	0.19551393094236147
22	41750622	T	C	rs9611560	ENSG00000100401	RANGAP1	0.1323231551088125	0.098058067569092	0.1771443	0.1185584262940535	0.06629940671153789	0.07373930157180206
22	41752747	A	G	rs12484074	ENSG00000100401	RANGAP1	0.060582451033285	0.098058067569092	0.5365753	0.09599794357843192	0.06845318499460486	0.16079933465966656
22	41752944	G	A	rs1109151	ENSG00000100401	RANGAP1	0.0483422841083258	0.098058067569092	0.6220126	0.0880981776041137	0.0673060515975189	0.1905617503435535
22	41753059	A	G	rs28638318	ENSG00000100401	RANGAP1	0.0501368153854875	0.098058067569092	0.609071	0.1019187347038887	0.06811121998133027	0.1345605190206043
22	41753603	A	G	rs11090045	ENSG00000100401	RANGAP1	0.1288602932874506	0.098058067569092	0.1887789	0.10508826486384493	0.0664924819106795	0.114003085323302
22	41755105	G	A	rs5751084	ENSG00000100401	RANGAP1	0.1066573972800513	0.098058067569092	0.2766834	0.11881506550102122	0.06744062667110251	0.07810768254066741
22	41755857	T	G	rs9538	ENSG00000100401	RANGAP1	0.060582451033285	0.098058067569092	0.5365753	0.09919239405690193	0.06841938319133836	0.14712256650578232
22	41756571	T	C	rs56021266	ENSG00000100401	RANGAP1	0.0637053357285782	0.098058067569092	0.5158214	0.04621354199016036	0.06973362841293883	0.5075129133685118
22	41757223	T	C	rs6002351	ENSG00000100401	RANGAP1	0.0596009780291792	0.098058067569092	0.5431875	0.0843636340810931	0.06756837046205538	0.21182350762109026
22	41757234	G	C	rs9611561	ENSG00000100401	RANGAP1	0.0602813539310074	0.098058067569092	0.5386868	0.09673427675967296	0.06844959296404411	0.15759129251756698
22	41757647	A	G	rs4822024	ENSG00000100401	RANGAP1	0.0602813539310074	0.098058067569092	0.5386868	0.0891433544105672	0.0681127353322229	0.1906150090611084
22	41759987	G	A	rs9607798	ENSG00000100401	RANGAP1	0.060582451033285	0.098058067569092	0.5365753	0.09321737991089281	0.06810977185474276	0.17111357081096723
22	41761290	C	T	rs4820437	ENSG00000100401	RANGAP1	0.0687413137105308	0.098058067569092	0.4831782	0.09967192801667925	0.0675462360508504	0.14004851311751268
