CHR	BP	A1	A2	SNP	GENEID	GENENAME	BETA	SE	PVAL
22	46640179	G	A	rs1053332	ENSG00000100416	TRMU	-0.0397504558395355	0.098058067569092	0.6853305
22	46641525	T	G	rs75977757	ENSG00000100416	TRMU	-0.0583587195943734	0.098058067569092	0.5518435
22	46641597	T	C	rs78336060	ENSG00000100416	TRMU	-0.0583587195943734	0.098058067569092	0.5518435
22	46643432	G	C	rs9627278	ENSG00000100416	TRMU	-0.0401354710360388	0.098058067569092	0.6823929
22	46643964	C	T	rs9627280	ENSG00000100416	TRMU	-0.0411123941458094	0.098058067569092	0.67507
22	46644168	G	A	rs9627281	ENSG00000100416	TRMU	-0.0411123941458094	0.098058067569092	0.67507
22	46644640	G	A	rs1807600	ENSG00000100416	TRMU	-0.0407273593376926	0.098058067569092	0.6779955
22	46645148	A	G	rs9626823	ENSG00000100416	TRMU	-0.0584490801036384	0.098058067569092	0.5511752
22	46646609	C	T	rs6008320	ENSG00000100416	TRMU	-0.0195450909207795	0.098058067569092	0.8421063
22	46647909	G	A	rs3087501	ENSG00000100416	TRMU	-0.0620305823809522	0.098058067569092	0.5271255
22	46650100	T	C	rs9627295	ENSG00000100416	TRMU	-0.0620305823809522	0.098058067569092	0.5271255
22	46650846	T	C	rs6008339	ENSG00000100416	TRMU	-0.0620305823809522	0.098058067569092	0.5271255
22	46650858	C	A	rs6007726	ENSG00000100416	TRMU	-0.0620305823809522	0.098058067569092	0.5271255
22	46650959	A	G	rs6007727	ENSG00000100416	TRMU	-0.063393128647245	0.098058067569092	0.5180203
22	46651366	A	G	rs8135997	ENSG00000100416	TRMU	-0.063393128647245	0.098058067569092	0.5180203
22	46651367	G	A	rs8139035	ENSG00000100416	TRMU	-0.063393128647245	0.098058067569092	0.5180203
22	46651713	C	T	rs8135363	ENSG00000100416	TRMU	-0.063393128647245	0.098058067569092	0.5180203
22	46652104	G	T	rs6008357	ENSG00000100416	TRMU	-0.063393128647245	0.098058067569092	0.5180203
22	46652303	T	A	rs6007732	ENSG00000100416	TRMU	-0.063393128647245	0.098058067569092	0.5180203
22	46652372	A	G	rs6008361	ENSG00000100416	TRMU	-0.063393128647245	0.098058067569092	0.5180203
22	46652737	A	G	rs6008362	ENSG00000100416	TRMU	-0.063393128647245	0.098058067569092	0.5180203
22	46652929	A	G	rs6008365	ENSG00000100416	TRMU	-0.063393128647245	0.098058067569092	0.5180203
22	46652959	G	A	rs4508712	ENSG00000100416	TRMU	-0.0507707411807082	0.098058067569092	0.6047374
22	46654323	A	G	rs6007740	ENSG00000100416	TRMU	-0.0627118309995817	0.098058067569092	0.5225627
22	46655948	C	T	rs6008384	ENSG00000100416	TRMU	-0.0613493729855497	0.098058067569092	0.5315773
22	46656479	G	A	rs6519993	ENSG00000100416	TRMU	-0.0613493729855497	0.098058067569092	0.5315773
22	46656511	G	A	rs9627324	ENSG00000100416	TRMU	-0.0613493729855497	0.098058067569092	0.5315773
22	46656607	A	G	rs8143066	ENSG00000100416	TRMU	-0.0613493729855497	0.098058067569092	0.5315773
22	46656805	A	G	rs6519994	ENSG00000100416	TRMU	-0.0620305823809522	0.098058067569092	0.5271255
22	46657261	G	A	rs6007747	ENSG00000100416	TRMU	-0.0613493729855497	0.098058067569092	0.5315773
22	46657798	G	A	rs6007748	ENSG00000100416	TRMU	-0.0613493729855497	0.098058067569092	0.5315773
22	46659942	C	G	rs12167567	ENSG00000100416	TRMU	-0.0968561796407044	0.098058067569092	0.3233486
22	46663017	G	A	rs9627350	ENSG00000100416	TRMU	-0.0968561796407044	0.098058067569092	0.3233486
22	46664741	C	T	rs9615904	ENSG00000100416	TRMU	-0.0837809306007133	0.098058067569092	0.3928834
22	46665006	G	A	rs9615330	ENSG00000100416	TRMU	-0.0965582302023957	0.098058067569092	0.3248206
22	46666575	C	T	rs7288821	ENSG00000100416	TRMU	-0.0968561796407044	0.098058067569092	0.3233486
22	46668515	A	T	rs9615913	ENSG00000100416	TRMU	-0.0958733436294594	0.098058067569092	0.3282722
22	46670394	C	T	rs6007761	ENSG00000100416	TRMU	-0.0958733436294594	0.098058067569092	0.3282722
22	46670720	C	G	rs9615338	ENSG00000100416	TRMU	-0.0958733436294594	0.098058067569092	0.3282722
22	46674639	A	G	rs6008473	ENSG00000100416	TRMU	-0.0892532767891551	0.098058067569092	0.362717
22	46678615	C	A	rs6007779	ENSG00000100416	TRMU	-0.0849920948222929	0.098058067569092	0.3861612
22	46680067	C	T	rs6008507	ENSG00000100416	TRMU	-0.0849920948222929	0.098058067569092	0.3861612
22	46684558	C	T	rs739164	ENSG00000100416	TRMU	-0.0843075024235593	0.098058067569092	0.3900096
22	46684678	G	A	rs9627387	ENSG00000100416	TRMU	-0.0843075024235593	0.098058067569092	0.3900096
22	46685963	A	G	rs6008538	ENSG00000100416	TRMU	-0.0843075024235593	0.098058067569092	0.3900096
22	46686792	G	C	rs6007795	ENSG00000100416	TRMU	-0.0843075024235593	0.098058067569092	0.3900096
22	46687212	G	A	rs73886791	ENSG00000100416	TRMU	-0.0840108767691628	0.098058067569092	0.391666
22	46687460	G	T	rs11090859	ENSG00000100416	TRMU	-0.0840108767691628	0.098058067569092	0.391666
22	46692239	C	G	rs6007806	ENSG00000100416	TRMU	-0.0854718046946477	0.098058067569092	0.3834266
22	46700742	G	T	rs6008583	ENSG00000100416	TRMU	-0.0846743572659488	0.098058067569092	0.3879176
22	46707907	A	G	rs6008612	ENSG00000100416	TRMU	-0.0902681581768817	0.098058067569092	0.3573638
22	46711336	C	T	rs6008632	ENSG00000100416	TRMU	-0.0892861262417907	0.098058067569092	0.3626116
22	46713019	T	C	rs6520009	ENSG00000100416	TRMU	-0.0898792108518689	0.098058067569092	0.3594571
22	46713631	T	C	rs9615345	ENSG00000100416	TRMU	-0.0898792108518689	0.098058067569092	0.3594571
22	46713917	A	G	rs6008662	ENSG00000100416	TRMU	-0.0908613016218004	0.098058067569092	0.3541343
22	46716603	C	T	rs9306512	ENSG00000100416	TRMU	-0.0914545823480136	0.098058067569092	0.3510265
22	46717565	G	T	rs9627409	ENSG00000100416	TRMU	-0.0920480003555215	0.098058067569092	0.3479362
22	46717825	G	T	rs9615948	ENSG00000100416	TRMU	-0.0920480003555215	0.098058067569092	0.3479362
22	46718417	T	A	rs6007845	ENSG00000100416	TRMU	-0.0913624960167595	0.098058067569092	0.3515433
22	46721088	T	C	rs738444	ENSG00000100416	TRMU	-0.0932352384086143	0.098058067569092	0.3417059
22	46721223	A	G	rs6520010	ENSG00000100416	TRMU	-0.0932352384086143	0.098058067569092	0.3417059
22	46722256	G	A	rs3817874	ENSG00000100416	TRMU	-0.1416444177306358	0.098058067569092	0.1486265
22	46722560	T	C	rs6008700	ENSG00000100416	TRMU	-0.0932352384086143	0.098058067569092	0.3417059
22	46722758	C	G	rs6008702	ENSG00000100416	TRMU	-0.1581465118637707	0.098058067569092	0.1068314
22	46723373	G	A	rs8138751	ENSG00000100416	TRMU	-0.1581465118637707	0.098058067569092	0.1068314
22	46727875	C	A	rs9615950	ENSG00000100416	TRMU	-0.1557610140307904	0.098058067569092	0.1121959
22	46730019	T	A	rs9615952	ENSG00000100416	TRMU	-0.1544668632666271	0.098058067569092	0.1152103
22	46730127	T	C	rs7289586	ENSG00000100416	TRMU	-0.1544668632666271	0.098058067569092	0.1152103
22	46730153	G	A	rs7287689	ENSG00000100416	TRMU	-0.1544668632666271	0.098058067569092	0.1152103
22	46731791	A	G	rs2272937	ENSG00000100416	TRMU	-0.1396617424392293	0.098058067569092	0.1543886
22	46733118	G	T	rs6007880	ENSG00000100416	TRMU	-0.1524785986653691	0.098058067569092	0.1199937
22	46737796	C	T	rs6007886	ENSG00000100416	TRMU	-0.1474170079161675	0.098058067569092	0.1327875
22	46741974	G	C	rs6008767	ENSG00000100416	TRMU	-0.0896095805834742	0.098058067569092	0.3608219
22	46748310	C	T	rs6008770	ENSG00000100416	TRMU	-0.0912325200481967	0.098058067569092	0.3522675
22	46752080	C	G	rs8135519	ENSG00000100416	TRMU	-0.0923540297785979	0.098058067569092	0.346295
22	46753179	A	G	rs13585	ENSG00000100416	TRMU	-0.1125533347087781	0.098058067569092	0.2510511
22	46755298	G	C	rs6008774	ENSG00000100416	TRMU	-0.0849517831507153	0.098058067569092	0.3863805
22	46756833	T	C	rs6007891	ENSG00000100416	TRMU	-0.0935728033062209	0.098058067569092	0.3399824
22	46758573	T	G	rs12172608	ENSG00000100416	TRMU	-0.1543516156198131	0.098058067569092	0.1154874
22	46760086	T	C	rs35364389	ENSG00000100416	TRMU	-0.0083807582783478	0.098058067569092	0.9319434
22	46760481	G	C	rs9615351	ENSG00000100416	TRMU	-0.1416612444950307	0.098058067569092	0.1485703
22	46761497	G	C	rs12165943	ENSG00000100416	TRMU	-0.14353303572363	0.098058067569092	0.1433033
22	46763490	G	A	rs7285194	ENSG00000100416	TRMU	-0.1943520214735823	0.098058067569092	0.0474792
22	46764173	A	C	rs9627426	ENSG00000100416	TRMU	-0.1449098102155271	0.098058067569092	0.1395149
22	46764277	T	C	rs79846114	ENSG00000100416	TRMU	-0.1514848291795901	0.098058067569092	0.1223946
22	46764299	G	A	rs9615964	ENSG00000100416	TRMU	-0.1445129496044615	0.098058067569092	0.1405893
22	46767377	T	A	rs9615966	ENSG00000100416	TRMU	-0.1356914693414244	0.098058067569092	0.166481
22	46767841	T	G	rs9615967	ENSG00000100416	TRMU	-0.134701141693817	0.098058067569092	0.1695659
22	46769005	C	T	rs6008779	ENSG00000100416	TRMU	-0.1364878479371867	0.098058067569092	0.163983
22	46770174	A	G	rs6008781	ENSG00000100416	TRMU	-0.1175289383385285	0.098058067569092	0.2307613
22	46770720	G	A	rs6008782	ENSG00000100416	TRMU	-0.1162450150308126	0.098058067569092	0.2358593
22	46772666	T	C	rs6007893	ENSG00000100416	TRMU	-0.1128959495968646	0.098058067569092	0.24965
22	46774446	G	C	rs56344079	ENSG00000100416	TRMU	-0.1099397047815983	0.098058067569092	0.2622879
22	46775593	G	A	rs6008785	ENSG00000100416	TRMU	-0.1082669224011304	0.098058067569092	0.2695931
22	46776236	G	A	rs9615355	ENSG00000100416	TRMU	-0.1068918933428361	0.098058067569092	0.2757131
22	46777502	G	C	rs9615973	ENSG00000100416	TRMU	-0.1049229854041163	0.098058067569092	0.2846193
22	46778643	A	G	rs73462577	ENSG00000100416	TRMU	-0.1016738117236009	0.098058067569092	0.2998291
22	46780521	C	T	rs6007897	ENSG00000100416	TRMU	-0.1187763055986546	0.098058067569092	0.2258188
22	46781324	G	A	rs11090869	ENSG00000100416	TRMU	-0.1187763055986546	0.098058067569092	0.2258188
22	46781675	T	C	rs11090874	ENSG00000100416	TRMU	-0.1184803075158906	0.098058067569092	0.2269703
22	46781764	T	C	rs9615357	ENSG00000100416	TRMU	-0.1191726366961554	0.098058067569092	0.2242898
22	46786315	C	T	rs4044210	ENSG00000100416	TRMU	-0.0905173825614153	0.098058067569092	0.3560072
22	46787434	T	C	rs6008793	ENSG00000100416	TRMU	-0.1187763055986546	0.098058067569092	0.2258188
22	46787694	G	A	rs6008794	ENSG00000100416	TRMU	-0.1201611208520923	0.098058067569092	0.2204245
22	46787697	G	A	rs6008795	ENSG00000100416	TRMU	-0.1208537638181734	0.098058067569092	0.2177997
22	46787832	G	A	rs9615978	ENSG00000100416	TRMU	-0.1201611208520923	0.098058067569092	0.2204245
22	46788095	G	A	rs8141620	ENSG00000100416	TRMU	-0.1125525306326241	0.098058067569092	0.2510511
22	46790029	T	G	rs11703679	ENSG00000100416	TRMU	-0.1187763055986546	0.098058067569092	0.2258188
22	46791143	T	A	rs9615980	ENSG00000100416	TRMU	0.0057646180646382	0.098058067569092	0.9531114
22	46791430	T	G	rs9615981	ENSG00000100416	TRMU	-0.0884727247654984	0.098058067569092	0.3669506
22	46791452	T	C	rs9615982	ENSG00000100416	TRMU	-0.0884727247654984	0.098058067569092	0.3669506
22	46791884	T	C	rs7286446	ENSG00000100416	TRMU	-0.0884727247654984	0.098058067569092	0.3669506
22	46793327	C	A	rs4823807	ENSG00000100416	TRMU	-0.0499076438757718	0.098058067569092	0.6108924
22	46793428	A	G	rs9627442	ENSG00000100416	TRMU	-0.0881765599840194	0.098058067569092	0.3685461
22	46795523	C	T	rs7290972	ENSG00000100416	TRMU	-0.0747550875190554	0.098058067569092	0.4459406
22	46796095	C	T	rs9615363	ENSG00000100416	TRMU	-0.0743669834934237	0.098058067569092	0.4483313
22	46796503	C	A	rs6008802	ENSG00000100416	TRMU	-0.1179842023346382	0.098058067569092	0.2288989
22	46797331	G	A	rs6520011	ENSG00000100416	TRMU	-0.1031981734129962	0.098058067569092	0.2926161
22	46808072	A	G	rs9615992	ENSG00000100416	TRMU	-0.1118007194285718	0.098058067569092	0.2542863
22	46808316	G	A	rs6008805	ENSG00000100416	TRMU	-0.1115035936780308	0.098058067569092	0.2555383
22	46809821	G	A	rs738445	ENSG00000100416	TRMU	-0.0687697113268988	0.098058067569092	0.4831782
22	46812277	G	C	rs9615995	ENSG00000100416	TRMU	-0.1431340178350779	0.098058067569092	0.1444
22	46812585	A	G	rs6008813	ENSG00000100416	TRMU	-0.122410425835026	0.098058067569092	0.2119578
22	46812606	T	A	rs6008814	ENSG00000100416	TRMU	-0.1230076975245893	0.098058067569092	0.2096967
22	46812732	T	C	rs9615996	ENSG00000100416	TRMU	-0.0671671581344239	0.098058067569092	0.4934701
22	46813435	G	A	rs6007901	ENSG00000100416	TRMU	-0.122410425835026	0.098058067569092	0.2119578
22	46813440	C	G	rs78203454	ENSG00000100416	TRMU	-0.0668709443239112	0.098058067569092	0.4953654
22	46813718	A	C	rs9615997	ENSG00000100416	TRMU	-0.0668709443239112	0.098058067569092	0.4953654
22	46814671	T	C	rs6008817	ENSG00000100416	TRMU	-0.122410425835026	0.098058067569092	0.2119578
22	46816052	T	C	rs9615998	ENSG00000100416	TRMU	-0.0655052405878427	0.098058067569092	0.5041336
22	46816858	G	C	rs9615999	ENSG00000100416	TRMU	-0.08150522838599	0.098058067569092	0.4059736
22	46817191	A	G	rs11704658	ENSG00000100416	TRMU	-0.0880183530978035	0.098058067569092	0.3693988
22	46817373	G	A	rs11705266	ENSG00000100416	TRMU	-0.0838909615583325	0.098058067569092	0.3923297
22	46817423	C	T	rs11703127	ENSG00000100416	TRMU	-0.0818289670960694	0.098058067569092	0.4040556
22	46817565	G	A	rs6008819	ENSG00000100416	TRMU	-0.1057967122035772	0.098058067569092	0.2806769
22	46818066	A	G	rs9615365	ENSG00000100416	TRMU	-0.0641398310259768	0.098058067569092	0.5131118
22	46818129	G	A	rs8136628	ENSG00000100416	TRMU	-0.0079939192017877	0.098058067569092	0.9351238
22	46818527	A	G	rs55816923	ENSG00000100416	TRMU	-0.122846558702153	0.098058067569092	0.2103513
22	46825043	C	T	rs7288371	ENSG00000100416	TRMU	-0.1489322698168924	0.098058067569092	0.1288128
22	46826299	C	T	rs754190	ENSG00000100416	TRMU	-0.128497272515503	0.098058067569092	0.1900606
22	46827038	T	G	rs6008822	ENSG00000100416	TRMU	-0.0885823831024609	0.098058067569092	0.3664198
22	46828205	C	T	rs6007903	ENSG00000100416	TRMU	-0.1036778342563172	0.098058067569092	0.2904203
22	46828354	G	C	rs6008824	ENSG00000100416	TRMU	-0.110900771901843	0.098058067569092	0.2581393
22	46830458	C	A	rs6007906	ENSG00000100416	TRMU	-0.0242783538423396	0.098058067569092	0.8045987
22	46835558	T	C	rs8137581	ENSG00000100416	TRMU	0.0823476158270558	0.098058067569092	0.4010205
22	46836592	T	C	rs3788684	ENSG00000100416	TRMU	-0.0620768069540042	0.098058067569092	0.5267336
22	46837114	G	A	rs9306514	ENSG00000100416	TRMU	-0.0541969194789925	0.098058067569092	0.5805373
22	46837893	G	A	rs6008830	ENSG00000100416	TRMU	-0.0783577997563844	0.098058067569092	0.4242904
22	46838445	A	G	rs7287935	ENSG00000100416	TRMU	-0.0758593292237577	0.098058067569092	0.4391674
22	46838759	T	C	rs1810479	ENSG00000100416	TRMU	-0.0593699336103729	0.098058067569092	0.5449133
22	46839334	C	G	rs909858	ENSG00000100416	TRMU	-0.0587740837627894	0.098058067569092	0.5490395
22	46839381	T	C	rs909857	ENSG00000100416	TRMU	-0.0587740837627894	0.098058067569092	0.5490395
22	46839627	G	A	rs2878859	ENSG00000100416	TRMU	-0.058084921858107	0.098058067569092	0.5537167
